JT_ss_b,JT_ss_m,var_X,var_N
0.8896562982512006,0.6347751436389253,0.10215477873370105,0.41580688312428915
0.8817136295178937,0.6332208135516803,0.0891260849668658,0.42252408293921295
0.883796636139402,0.6376624717928894,0.0803817093260335,0.4186622522772794
0.8784169093456544,0.6320311548046381,0.07319674401549081,0.4195007592798792
0.8760466212216416,0.6278734792851586,0.06810793808698978,0.4209282895885309
0.8706139935724067,0.6247552792715944,0.06439119254286707,0.4265968129403541
0.8684809431685316,0.629302056296875,0.06131760137051934,0.4308500686753405
0.8665989412842674,0.6314924428473555,0.05787754629740238,0.4311845307116151
0.8700735806463994,0.6317588396719098,0.057079362827291646,0.4262267316182218
0.8629741803763686,0.6300549673696559,0.054385389461875766,0.43505062705055497
0.8590628493741185,0.6312044123190208,0.05147756290921901,0.4355593930549686
0.8630683601247954,0.6336157802827325,0.05069395344639016,0.4295748426360362
0.8560844965760401,0.6323765688668369,0.04789073171700675,0.43788768303952175
0.8530158076737667,0.633027889708403,0.04568094383475718,0.43614262652239777
0.8458707733568407,0.638086395066052,0.04369631087584169,0.44509108376128204
0.8441161056156986,0.6404996726618304,0.04213731204721061,0.44510169628161655
0.8381091244901472,0.640507730383143,0.039696214962340215,0.4498209324479454
0.8363336590759352,0.6383475649013195,0.03847377809117836,0.45210675568479175
0.8359533586134484,0.6389243566295375,0.0379028790250685,0.4554432811192868
0.8417371340929435,0.6439025612510623,0.037432827973368,0.44623042228505216
0.8362350252150087,0.6420463422239111,0.03656878652924167,0.45584170467818197
0.8379744546268255,0.6402739397748944,0.03643319864957206,0.44972585193874703
0.8425515032698347,0.6444346129618614,0.03631686310470417,0.44512756046973845
0.8340908062887096,0.6472030740061466,0.03390709835391903,0.4557843524388634
0.8304668659145886,0.6445294494069596,0.03255634083505943,0.45494996060338
0.8356688429161998,0.6562717023499749,0.03218839892109904,0.4469054068064304
0.8317586417754177,0.6616837230416974,0.030234783295575163,0.45092080664551837
0.8282015238551902,0.6570876142008186,0.02927038072916799,0.4547005006639955
0.8253208510291398,0.6548592733670493,0.028462390630308754,0.4554893629650545
0.8178666260297196,0.6553783694424073,0.028174114005879547,0.46433108248915644
0.8207436130052841,0.6605509731758401,0.02668777606589834,0.4601154910242089
0.8163095268243593,0.6594870858856265,0.02609820478392122,0.46338787165607
0.8146801798969391,0.6590372487240247,0.02529103021205492,0.46456581676661024
0.814245777739242,0.6580372427177977,0.025133317775738906,0.4651381330578239
0.8074261679472318,0.6612736987594514,0.024471285177134927,0.47158071561184123
0.805314019138819,0.6647848483432764,0.023130576924593416,0.4748506249130111
0.8074901612436745,0.6645117408603826,0.022567400082410094,0.4729808744276198
0.8018320267550534,0.6617830406871292,0.022306680498850984,0.48120234958046826
0.8141301858190615,0.6709821404110123,0.02331288682967414,0.46422259426584134
0.8081544002742113,0.6755836560549826,0.021034978471241916,0.46987819717355883
0.8158639442994382,0.6848135166279521,0.02073339447319933,0.4567769976610032
0.8114065530865531,0.6826417370199409,0.019494531460622744,0.46349990135298125
0.8144865696899297,0.6889467152267046,0.0190518947259275,0.45519923160442577
0.8075642727041173,0.6899024591818966,0.01815916676584972,0.45894703172924345
0.8025410174354999,0.6922092328761045,0.017128207425770148,0.4648240193145421
0.8012031588650547,0.6934248416939988,0.016843592687182718,0.4655749454945237
0.8047149096830833,0.7017758597110906,0.016298931577911624,0.46071586302919343
0.8045634086447278,0.7036474770781392,0.01577016813131693,0.45591692089018565
0.7972319085618293,0.7000748007544852,0.014959638806635644,0.46340206525517136
0.7958147372451883,0.7026539461641091,0.01441575151760388,0.4652198778333574
0.790242426852399,0.70310646088268,0.014842693875262825,0.4698392778388296
0.7902517051436553,0.6979260763143774,0.013907723594616894,0.47093724433758677
0.7882542263696402,0.6949797273433465,0.013879442312160206,0.4723790901096896
0.7879090292028175,0.6918674722196909,0.01387899391539782,0.4724596687355005
0.7885263832107174,0.6905536949033764,0.013868300933030486,0.47049031766237537
0.7933610455385911,0.693281812594345,0.013994530571576291,0.46472236112122545
0.7871851520963551,0.6911865226477294,0.013735241236383033,0.4692668019755919
0.7827630464996305,0.6906119981058141,0.013936508245469548,0.47078706429393513
0.7838624396699846,0.6952086710357039,0.013145167505121513,0.46833529478513114
0.7777390041921287,0.6937471070164676,0.012947666647306733,0.4738738485532874
0.774935664442655,0.6886238089705059,0.012934061134193042,0.48123215549464504
0.7811300675692101,0.6902252300251435,0.013326427869537971,0.47115158934524537
0.7693531235968264,0.6860676081925465,0.013517186588618224,0.4872336289229757
0.7682647760091317,0.6824455506608582,0.012873205614174377,0.49060183268424673
0.7650540018013674,0.6811356711095233,0.013506346512343392,0.4944178897986218
0.766745051005188,0.6781294016962502,0.013356855040811966,0.4949170692301008
0.7657361817699984,0.6774102262202688,0.013789693298725147,0.4926187767701933
0.761204779557566,0.6759543583200038,0.012903392602832575,0.4998433533940565
0.7631827726684492,0.6751649976770191,0.01220255475395593,0.496990206006517
0.7595179679369155,0.6718155962614336,0.012532406207395375,0.504672068827591
0.760931239880529,0.6709681645238816,0.012241930518253952,0.5015038328762698
0.7555438584141465,0.6726066220020746,0.012504990968886798,0.5045961362719305
0.7539544374277212,0.6732785066671814,0.012084839798958358,0.5077048044999484
0.7645505224216635,0.6757542129619467,0.01165658044238338,0.497828877999245
0.7574564806168147,0.6743688477107286,0.011227050087717294,0.5050682535167059
0.7647595974645244,0.6808729269694429,0.010642623044855526,0.49302731079328854
0.7596804633857641,0.6843930132456271,0.00993228831437154,0.49508842229985905
0.7632217625152147,0.6887680623180035,0.00975735836298941,0.4888818318017383
0.7604793287110289,0.686317883774131,0.009895271678390771,0.49127965828951625
0.7671456410512794,0.690734536115664,0.010122561975219435,0.482915704968109
0.7557284523979495,0.68730233599594,0.011336341270795636,0.492105037756986
0.7588696299479428,0.6869071642502411,0.009531689528587739,0.4908736339652515
0.7575549790016922,0.6841268760471751,0.009527611299252836,0.49422700980405976
0.7541615300369424,0.6847475023539861,0.009246064155917333,0.49861461727859524
0.7631176968085311,0.690099497072636,0.009339065082046183,0.4870267637508019
0.7529470197164174,0.6873921594892549,0.009210691131396498,0.4984007349186461
0.7564514705958989,0.6848313134871656,0.008761526792510299,0.4955591155447947
0.7641670371381202,0.693242380303565,0.009260306467988144,0.48490276492559614
0.7583797066398672,0.6911768478252922,0.008314510000758335,0.4895209034302952
0.7562697670856195,0.6886432717513813,0.008380018042283166,0.4925604420524432
0.7521164336198942,0.6868903490613248,0.008473497922991902,0.49720084831662525
0.7489896111407692,0.6854136995196649,0.00876578943249584,0.500617844628418
0.751729358848797,0.6860422719535817,0.008203952562204186,0.49787996833318493
0.7533956566159011,0.6884391024326453,0.00832917239723907,0.4946061444103189
0.744562452691366,0.6843235571843054,0.008680506227993878,0.5053289311808977
0.7471854423656192,0.68218690089989,0.008269522991662726,0.5027421478685428
0.7500263549603308,0.6800536663567389,0.008223984462994882,0.5031319895139688
0.7450419290506447,0.6785030233416689,0.008548169159350083,0.5077264037355511
0.7405492169083306,0.6807664140192609,0.008633468025634805,0.5107045658149398
0.7383443010204875,0.6819017151690064,0.008408059432737924,0.5125429550069196
0.7429417507566926,0.6786918323071829,0.008064356357098124,0.5101556844672324
0.7411285996831216,0.6790354671164665,0.007887874185704136,0.5099598293443037
0.7371614408645679,0.6783953855598084,0.008020546297564768,0.5139081748301524
0.7428163856377652,0.6769937809305806,0.008011598477979054,0.5104039302208139
0.7436962912678378,0.6762817936909651,0.007846875775310513,0.5118757803954148
0.7391428999479694,0.6787426764073092,0.007447513318078469,0.5131493691399269
0.7388932396774741,0.6779189448615062,0.007350330704795183,0.5137167662063731
0.7322673854366515,0.6744151867253538,0.007830154794837396,0.5220888036541047
0.733608226928862,0.6740741131480961,0.007486654561257522,0.519578909223072
0.7351032227233469,0.6743209382219078,0.007364602189693814,0.5179192901782925
0.7343229742211909,0.6768880660373584,0.007236049680286127,0.5170091208107985
0.7419847485532214,0.6844467838566176,0.007405478798297449,0.5057905156382381
0.73873827024178,0.6798670283263033,0.007206130807108746,0.512594724609547
0.7364344949713364,0.6802925233268471,0.006596002964895709,0.5137881279819516
0.7325030020294259,0.6775378178447343,0.0072967714774638814,0.5169870100216154
0.7335598486218184,0.6776032417031714,0.006670353299782494,0.5160972664484063
0.7267818842922195,0.6777997815426755,0.00737060541581247,0.5228273045158454
0.7277252273745767,0.674513226947574,0.006871918997683468,0.5231309940726927
0.7245464713570138,0.6727870898069889,0.007546620677202465,0.5259176035685806
0.7235679096578467,0.6714822143567263,0.007319710490256259,0.5274184179986778
0.7280372104140206,0.676028552774647,0.006817995040600211,0.5214896640584499
0.7280872940883851,0.6794730147555728,0.006195454166329717,0.5182571268777241
0.7182265526120036,0.6788050815161684,0.0074017304953201135,0.5286455485551325
0.7265022342449284,0.6849549433455788,0.006136244444329697,0.5176417234917738
0.7239430527889053,0.6838456255378903,0.005940728708631604,0.5207003281532554
0.7189930706214707,0.6825374928893557,0.006205295072799988,0.5257848152058151
0.7127845125806178,0.6756281968641517,0.00802848816323376,0.5362448920413674
0.7205047949793353,0.6720347380450926,0.0061099252128303805,0.5317907072138568
0.7237286038318052,0.6698991897609221,0.006475663902215989,0.5300643878528204
0.7121008500433897,0.6704451562302836,0.007284314156111749,0.5402445202470867
0.7241361836767449,0.6721744300128866,0.006341292868207504,0.5274850306519947
0.7241802584270565,0.6774644657859121,0.006247149306235156,0.5250168109582072
0.7199938487772846,0.6748879929106572,0.005702284591581064,0.5307323519422193
0.7199384509169444,0.6717661655872055,0.0061279354687076015,0.5334557094130048
0.7296738025995884,0.6805462601335927,0.006758098216850805,0.5193255272522315
0.7215565588923284,0.6782346529285364,0.0055538680110232,0.5263346982704893
0.720498968375409,0.6789391185863445,0.0051552076285805715,0.5259203000678769
0.7200420937348864,0.677206837965159,0.005489209558564023,0.5285720993149523
0.7146107557556463,0.6735033700700275,0.0057228260708860335,0.5353187039410239
0.7145827724944427,0.6674240282571686,0.006141594222309088,0.5405288039432086
0.7137457965612526,0.6642022199465217,0.006245271980860889,0.5430770489042533
0.7077569394736964,0.6645154961442659,0.0062618988117497665,0.5490300063497515
0.7088644725602495,0.6629536469466444,0.00612288570600561,0.5467872472160527
0.7130555787201919,0.6646957177578694,0.006086757704533929,0.5426186135969893
0.7052882495223478,0.6639535836214883,0.005659912053466498,0.5494481262090916
0.710700908599388,0.6707470555961857,0.005483540217820604,0.5406328115478147
0.7130681043815242,0.6740084435274287,0.005070181875585722,0.534942966702987
0.7085143979294786,0.6731198696563618,0.005069539995828265,0.5387055208103395
0.6989409227134298,0.6755426155448798,0.006329850179565222,0.5452455517888857
0.7011458470160077,0.6689885449102124,0.00526394895087523,0.5482187944978683
0.6939593407011251,0.6644481439856089,0.006334681383310392,0.5581391741494328
0.6914770392377528,0.662788925283829,0.006147426213942486,0.5620807202488569
0.6914100573512801,0.6607362650137067,0.00580162788124905,0.564059457890906
0.6877565632742848,0.6577560476670454,0.006184768536665053,0.5695706810488024
0.6874553551425329,0.6574816749230603,0.00576285230521878,0.5695863458065693
0.6888002197950736,0.6567238660956969,0.005508046536678246,0.5682523713265408
0.6867601834823153,0.6559398603774808,0.0056001386963726585,0.5703964087795486
0.679775266322751,0.6606785615800954,0.005721970480977445,0.5735889555078626
0.6838734826660742,0.6582506003463692,0.0051707857291938275,0.5722128721055584
0.6824243594322316,0.6613228748476121,0.005085932733770782,0.5718438375424184
0.6818901174516601,0.6629386234106064,0.004755827844709626,0.5693334618253796
0.6780494827971658,0.6632055940986887,0.004913156257265405,0.5727234480303784
0.6750982044500855,0.6588255828667609,0.005370453276850706,0.5788759832110588
0.673959550952717,0.6545029156610128,0.005460297127127589,0.5833619961382466
0.6726512795917333,0.6558453485786321,0.005214871848906677,0.58310123967772
0.6721711472534229,0.6537873866264091,0.005159915859220265,0.5841919764455361
0.6749753762518248,0.6480094581931461,0.005439950960393847,0.5866948349959862
0.6646052007498913,0.6470539714769084,0.006597954119553329,0.5963017788478862
0.6628575864157138,0.6471075837145965,0.006107623541029228,0.5983540858613337
0.6697697662944828,0.6473784949909804,0.004974311178000734,0.5921993273976751
0.6660953645429581,0.6483495521092872,0.004812993647095309,0.5941560505699375
0.667014829328247,0.6493092517582044,0.004557795483790206,0.5923743294348434
0.6585067572707145,0.6467966183404084,0.006173849359180528,0.6020869948633374
0.6610572094670779,0.6443245244262554,0.005473988996997803,0.6003523326801039
0.6554264919629101,0.6428491004978554,0.00623501586042341,0.6065071155696851
0.6580818838785312,0.6393133178134669,0.005634319819409317,0.6078112978900623
0.6558864525540192,0.6382751992358864,0.005728913716488759,0.6095878397977441
0.6580922617225196,0.6362640265301679,0.005288505701843804,0.6092548279490422
0.6591552918935746,0.6370657122352359,0.005029213841941993,0.6070731412397277
0.6653542068892637,0.6404124121299998,0.005066721395542317,0.6001146368501478
0.6570579381869803,0.6396532913020301,0.004769837199891658,0.6080780817032205
0.6546947290977834,0.6415941209874823,0.004927963386282541,0.6070089808210999
0.6510417776696066,0.6420937639888059,0.004972953516855005,0.60974360414242
0.6604941647062681,0.6454591880648495,0.00441614373662802,0.5991962976584224
0.6537373121138731,0.6452627545990006,0.004296801590623955,0.6049804214971366
0.6482109786227734,0.6466574406101666,0.0050024486480415575,0.6087953952869856
0.6454844861457525,0.6403675473825119,0.005335994323565352,0.6166097975820319
0.6520193021368547,0.6416130606449906,0.0041619889013677636,0.6093664591120911
0.6519992818668401,0.6387925396752865,0.004251128636367674,0.6118087520228084
0.6577546044067353,0.6418634066384923,0.004174000285690815,0.6045651090260908
0.6595914405422779,0.6480573777203245,0.004227730791829032,0.5989326960307659
0.6453281142419591,0.6453281142419591,0.005266193585175549,0.6102742195664339
0.648443812385044,0.6411524968832003,0.004140104460743865,0.6120001808673616
0.659727347283019,0.6485700440196093,0.0043599169118048176,0.5976096846180914
0.6484791740295158,0.6425282294713797,0.004449749289032745,0.6121340713379917
0.6624478348637647,0.647256675139981,0.004681534970681023,0.5970004144868124
0.6563322172612585,0.6485827653594982,0.003343725512678586,0.601392013836842
0.66220958629848,0.6471113744154464,0.003977727876230963,0.597178685153068
0.6548834203450039,0.6448773022775487,0.003969367703739124,0.6035313712294323
0.6504450720621286,0.6423308088751496,0.003830725772993371,0.6094845613827125
0.6496699680486513,0.6417778400252785,0.0036147795897795154,0.61127446072036
0.6469204325064225,0.6424735015883127,0.0036856960485436296,0.6125375427066344
0.6452730102880087,0.6412777365340883,0.003823906013058709,0.6144920330021661
0.6452232159894353,0.6404165432791975,0.0036585004760208983,0.6153566312612582
0.6383785212225115,0.6382379727329905,0.00482750510829133,0.6227976235562505
0.6455164171252697,0.6394394616689125,0.003561450386836862,0.6158474960649833
0.6502868782289852,0.6387109495830253,0.003484144432128966,0.6124347564307584
0.6523862892109586,0.6422482187843941,0.0034125643310828346,0.6079547432651187
0.6456872391340458,0.6401490082858605,0.0034342645973441943,0.6150204206747549
0.6437892324169092,0.6395044586537314,0.0033626450231859506,0.6168456984389281
0.6437666810381522,0.6361778224620389,0.003571925422125477,0.6200182899272191
0.6395381085168697,0.6327381495600054,0.004389644526781589,0.6256509339355087
0.6349741905624722,0.6321330415590726,0.0054508868597175075,0.6309324963572402
0.6386967902581214,0.6300374104266673,0.004165523784181224,0.6282064244560983
0.6491860941378889,0.6329974267222482,0.004190659049841505,0.6179406600406043
0.6437974977394614,0.6310306767072122,0.0037192191298426325,0.6240699654952415
0.6337788982409238,0.6302653769686508,0.004891655597658584,0.6324688769553837
0.6381033903833716,0.6212340279046555,0.004943630116894249,0.6360338167900159
0.6331930563551276,0.6281956449468289,0.004524708553187873,0.6351274516290952
0.6304017300515903,0.6247681996227998,0.004944870678972535,0.6392388725667169
0.6296317149164796,0.6286661033509668,0.004392247101574376,0.637109582618435
0.6293261752199278,0.620306286214315,0.0050812919448880445,0.6443087506648539
0.6319460246459643,0.6211918561169114,0.00421513590534206,0.6411362443698794
0.6370337965906637,0.6217137040973126,0.00402037748657913,0.637046908843292
0.6335199603132274,0.621810364343138,0.003943682788146496,0.6395555815800127
0.6331599802002235,0.6195166635685494,0.003984810020414065,0.6413277870313858
0.6287031491364711,0.6190412391183469,0.0045419384005640495,0.6445037375511053
0.6225659512705051,0.6179672664815801,0.005343356438260005,0.650731529219613
0.6303000845741547,0.6186821776509585,0.004032703667236293,0.6436924093392138
0.6250282668823655,0.6121451445292103,0.005542887098758054,0.6528694083195781
0.6281433337054045,0.6151229539271825,0.004258897850961119,0.6485936079688015
0.6245093692482874,0.6162913733053403,0.004042139331460137,0.6505688615433711
0.6225167210085101,0.6154040340707034,0.0042546465733589445,0.6528149539705463
0.6304190436726198,0.6170948008654623,0.00394489803764253,0.644901845660268
0.6218785658214332,0.6107333911916535,0.005556998363172916,0.656607645298926
0.6279930409829373,0.6120122568054114,0.004272192089318061,0.6504008551276885
0.6147501694388773,0.6108468688330724,0.00559157980570868,0.6628653938767668
0.6210252470977817,0.60980662590886,0.004312390655600629,0.6578866140998629
0.6223504048764157,0.6084773126125155,0.004210963735843398,0.6577544287768844
0.6199151573398134,0.6093706997701779,0.0042221099261803285,0.6586676713132569
0.6273310539501562,0.6109884759845845,0.004157272268206613,0.6514455082362529
0.6185957504573876,0.6086881871571506,0.004455363492890663,0.6604721928258805
0.6322250301250172,0.6126440042408363,0.004729911682735843,0.6468298837377855
0.6347015781179111,0.6197334459668322,0.004635127328440847,0.639759885724517
0.6291664576752716,0.616140140751288,0.004029347743212064,0.6461667962400113
0.6285139749116251,0.6156238774995009,0.0036414347546236403,0.6474835030042843
0.6288822134459267,0.6189425117031203,0.0035936087551169393,0.6449249932165726
0.6256644242345297,0.6199375760066133,0.0033839918922234924,0.6461137308077096
0.6233347079423909,0.6220290858590508,0.0032166152433554807,0.646159706030554
0.6188534306740576,0.614937737797476,0.004227540181935163,0.6551764882083897
0.6142798112215062,0.6142798112215062,0.003831071732509961,0.6581154994151919
0.6145452330471125,0.6145452330471125,0.003381453560510561,0.6546445605539497
0.6142637990711195,0.6142637990711195,0.0033033702474029036,0.6556872370568412
0.6185041504093385,0.6185041504093385,0.003169064491412299,0.6493492610985938
0.6090897522771541,0.6090897522771541,0.004310962184670419,0.6611893488497982
0.6103328957218579,0.6103328957218579,0.003938189194289565,0.6634220597428513
0.6029726283878698,0.6029726283878698,0.005736483298417805,0.6724324326876476
0.6070154660515086,0.6070154660515086,0.004118946455332395,0.6679563953236096
0.6057551041820604,0.6057551041820604,0.003998410699611377,0.6686160966465424
0.6092910176366536,0.6092910176366536,0.0034252037702525717,0.6628250066856132
0.6090939543366215,0.6090939543366215,0.0032697075624097405,0.6623277979327273
0.6041879130402624,0.6041879130402624,0.003594753331107148,0.6650124335470076
0.6013475707690263,0.6013475707690263,0.0034498051415357,0.6661442607459027
0.596279996225948,0.596279996225948,0.004307503658189105,0.6716646219381719
0.6052315061492275,0.6052315061492275,0.0034191015332382113,0.6661135266547742
0.6014752628803096,0.6014752628803096,0.0036183973933089364,0.6690231047032138
0.6020050540510536,0.6020050540510536,0.0033262846088962794,0.6661748222889035
0.6039521507530857,0.6039521507530857,0.0031917199258598705,0.6619557253547717
0.6068892936855581,0.6068892936855581,0.0031273818394003117,0.6637196642583092
0.592800463996435,0.592800463996435,0.005271830267205457,0.677235736099679
0.5930973404348323,0.5930973404348323,0.004939171351625027,0.6794477636427811
0.5976720509322138,0.5976720509322138,0.0036960682343384343,0.6746310426904856
0.5896280892640084,0.5896280892640084,0.005233126550993505,0.6835209821351849
0.5943151907591755,0.5943151907591755,0.0037254188605810867,0.6791326593603699
0.5976401394994013,0.5976401394994013,0.0033712879234339965,0.6768157342523615
0.5944100106304753,0.5944100106304753,0.0038143782656968606,0.6811023467250834
0.6049164729843525,0.6049164729843525,0.0038928215796693033,0.6692286391715072
0.6020789741120016,0.6020789741120016,0.003393209970492861,0.6727285489613744
0.598628339301352,0.598628339301352,0.003114116865549188,0.6746576104770883
0.598602574366953,0.598602574366953,0.003075842204281032,0.6743027599249185
0.5939250646620542,0.5939250646620542,0.0035642492282255134,0.6786921639666126
0.6015550152668594,0.6015550152668594,0.0035324476769302837,0.6720637017850941
0.5832223755217745,0.5832223755217745,0.00589200328674766,0.6868316977530218
0.5877930438646832,0.5877930438646832,0.004489634156651823,0.6881116131914053
0.5874338817240375,0.5874338817240375,0.004058392143493017,0.6879700473156931
0.5960669247124661,0.5960669247124661,0.0035688419199466637,0.6795054842504102
0.592777032411782,0.592777032411782,0.0034303854034382075,0.6821498884544002
0.5889603353068802,0.5889603353068802,0.003535629920537686,0.6848979824207087
0.5860120793432811,0.5860120793432811,0.003958440597299773,0.6883844641699941
0.5854080351811458,0.5854080351811458,0.0038491530286656195,0.6879792242585263
0.5785340820942528,0.5785340820942528,0.004919656553598384,0.6925596631146065
0.5775895055296314,0.5775895055296314,0.005049729239610112,0.6957029733941642
0.5795015432587373,0.5795015432587373,0.004302736058449885,0.6960116623235431
0.5758459330398049,0.5758459330398049,0.005190526459097011,0.7017484224753918
0.5842352874995043,0.5842352874995043,0.0038413245753897707,0.6939763600059021
0.583554296809738,0.583554296809738,0.0034274042471901245,0.6934803333206472
0.5837532551856903,0.5837532551856903,0.0033659194641902923,0.6932175701046934
0.5775195722590797,0.5775195722590797,0.003921700406148476,0.6981249160302894
0.5722936617805907,0.5722936617805907,0.004600705509549052,0.7012752229232251
0.5814855430466461,0.5814855430466461,0.0035337602076794816,0.6960079101902443
0.5784315774143948,0.5784315774143948,0.003515916076966885,0.6978789813410597
0.5744388125880954,0.5744388125880954,0.003986419329526925,0.7016504465115441
0.5759083666123355,0.5759083666123355,0.0035665921787363386,0.6995420282293239
0.5721935526163007,0.5721935526163007,0.004171345884064315,0.7038922595972839
0.5775109811723573,0.5775109811723573,0.0038338612427191165,0.7042054331577079
0.5669060368146317,0.5669060368146317,0.006027053710968233,0.7134562349123725
0.5674119069623595,0.5674119069623595,0.0053351862397331695,0.713875815125455
0.5724145622974526,0.5724145622974526,0.004535407007334125,0.7129731553100798
0.5694953183313385,0.5694953183313385,0.0050756039703794276,0.7158133319324667
0.5669419406153613,0.5669419406153613,0.004941315320525552,0.7162969561506518
0.5665259376825889,0.5665259376825889,0.00482719983788682,0.7171767862033649
0.5688756040880365,0.5688756040880365,0.004387119121354477,0.7156479766977815
0.5693772274025182,0.5693772274025182,0.0043209597046697246,0.7170992517354962
0.5631925162219638,0.5631925162219638,0.005221787605912853,0.7218915466905931
0.5685275724616432,0.5685275724616432,0.00459933893758091,0.7212722660755606
0.5694147819437712,0.5694147819437712,0.004425474537325447,0.7211958378559911
0.5655075816540223,0.5655075816540223,0.004478382188591867,0.7217823281704754
0.5676182343191598,0.5676182343191598,0.0044536514856517995,0.7226942784325519
0.5662567505053955,0.5662567505053955,0.00433053960613472,0.7218043700811583
0.5662649292075241,0.5662649292075241,0.004195366765150421,0.7217648646047263
0.5583891493709899,0.5583891493709899,0.005264950628443343,0.72725530865891
0.5694446952457921,0.5694446952457921,0.0040577139929187656,0.7173064904153765
0.5704007147121238,0.5704007147121238,0.00369514683652139,0.7153348234010961
0.5625196156194999,0.5625196156194999,0.004175409146954134,0.722506244755786
0.5640948105236094,0.5640948105236094,0.004766135945872496,0.7276784847630515
0.5681560790130898,0.5681560790130898,0.0043956526352707526,0.7261644603387971
0.5607813851067465,0.5607813851067465,0.0046954528679128416,0.7294904105253481
0.5617979051723891,0.5617979051723891,0.00425910713426092,0.7281663920349892
0.5580476799886198,0.5580476799886198,0.004381959387131484,0.7291436470255843
0.5573529147910918,0.5573529147910918,0.004266062430250517,0.7289106082023471
0.5635344838635667,0.5635344838635667,0.003774473072178819,0.7236834683511026
0.5591681358405358,0.5591681358405358,0.00439203170653768,0.7297872478138032
0.5590598023114983,0.5590598023114983,0.004094005184480776,0.729555223838589
0.5541130848876568,0.5541130848876568,0.0048959183429782005,0.7337471283560748
0.5559591106598081,0.5559591106598081,0.004807097272568672,0.7356518712396904
0.553549736370921,0.553549736370921,0.004555013798750451,0.7343508285707094
0.5509916742254979,0.5509916742254979,0.005125005544268868,0.7381698528332139
0.5540582046188748,0.5540582046188748,0.004276249559910239,0.7351355127786285
0.550404429482791,0.550404429482791,0.004950251606956946,0.7390029970691554
0.5580599415338776,0.5580599415338776,0.003983646487944803,0.7329333488442455
0.5478731466684034,0.5478731466684034,0.004686421354217485,0.7381117594876376
0.5498919092263542,0.5498919092263542,0.0043215545109310805,0.7378209940053457
0.5521797306933443,0.5521797306933443,0.004226332160274682,0.737071665468501
0.5433661193123995,0.5433661193123995,0.0055753652024402856,0.7427291753450151
0.5436842651214333,0.5436842651214333,0.005577325285805235,0.7447637537543268
0.5486766025674291,0.5486766025674291,0.004968427120146779,0.7448724573543233
0.5542508928552722,0.5542508928552722,0.0041673333781343525,0.7387400637210106
0.555624222238785,0.555624222238785,0.003982804707827414,0.7357091396162749
0.556028851433162,0.556028851433162,0.00392607628557351,0.7318396903133411
0.5500539885902266,0.5500539885902266,0.00396680102390623,0.7377854514831355
0.5500818755813002,0.5500818755813002,0.0037601608535838826,0.7370400722319395
0.5549598620484211,0.5549598620484211,0.0037129366029946542,0.7356532851641222
0.5524261154673404,0.5524261154673404,0.0036729415955520928,0.7362501222948152
0.5341713952797611,0.5341713952797611,0.0077156072549041665,0.7492025394356499
0.5455303720693017,0.5455303720693017,0.005472863434517583,0.7490973548336233
0.5482540511354141,0.5482540511354141,0.004560084392308039,0.746346488967919
0.543845642767563,0.543845642767563,0.004582251312014951,0.7476043880561156
0.5431078590655924,0.5431078590655924,0.004642858949174267,0.7484903975757708
0.548079268151779,0.548079268151779,0.004019181968592855,0.7448066490708594
0.5504517942754847,0.5504517942754847,0.0038778211166417,0.7407609294737232
0.5369585278711937,0.5369585278711937,0.005493338808293502,0.750662394241767
0.5404123257774671,0.5404123257774671,0.004508861846187373,0.7490305994194859
0.5443774036356321,0.5443774036356321,0.004589739002767934,0.7510683894594523
0.5492927764541187,0.5492927764541187,0.0040493566788067925,0.7442771897582428
0.5502882015887584,0.5502882015887584,0.004006596790818051,0.7389274859675155
0.5432168557640737,0.5432168557640737,0.003953013585652587,0.7456165909545907
0.5419571222491508,0.5419571222491508,0.00384483147317638,0.7465274215744855
0.5472845375712918,0.5472845375712918,0.003662470002054108,0.7422920179472672
0.5489046461343243,0.5489046461343243,0.0036767044954157946,0.74231727277918
0.5376716703149236,0.5376716703149236,0.004156166663456751,0.7478260987990271
0.5402811857369022,0.5402811857369022,0.0036800357019142194,0.7462961434046127
0.5434305687595252,0.5434305687595252,0.0035205068690232766,0.7433983507223529
0.5440948094750362,0.5440948094750362,0.0035828153533336016,0.7392156861202377
0.5456487209363265,0.5456487209363265,0.0035911845075032867,0.7362582300095166
0.543155972890738,0.543155972890738,0.003339492571662439,0.7392311155025455
0.534195956355791,0.534195956355791,0.0041857653531691685,0.7473089904423977
0.5353531711903199,0.5353531711903199,0.0036315741749294306,0.7455864491497528
0.5278533180005359,0.5278533180005359,0.004308725671508529,0.7478727481364227
0.5251551957474441,0.5251551957474441,0.00437158597676679,0.7479359523339553
0.5330755103556386,0.5330755103556386,0.0034887769363680654,0.7417093238221328
0.5305618341744083,0.5305618341744083,0.003441231039726045,0.7461148720390138
0.5267294589315052,0.5267294589315052,0.0036190817374003315,0.7465990073490105
0.52725331739817,0.52725331739817,0.0035274923799316626,0.7473658823566622
0.533167701455237,0.533167701455237,0.0032768645779817085,0.7412947807584236
0.5273864676282478,0.5273864676282478,0.0034230869011596665,0.7454868137921808
0.5261289289879638,0.5261289289879638,0.00340882202945314,0.7468349644741545
0.5296360961436364,0.5296360961436364,0.003424203828221617,0.7472680190314493
0.5105091060202995,0.5105091060202995,0.007345728464008716,0.7563661998257611
0.5221897279737503,0.5221897279737503,0.003893726178239465,0.7484119847300073
0.5273843569902881,0.5273843569902881,0.0032493259395387497,0.7453802679121027
0.5271546668869538,0.5271546668869538,0.0031075287379853656,0.7452440505391995
0.522102394301341,0.522102394301341,0.0035399905777263596,0.7502103308413788
0.5229943646551076,0.5229943646551076,0.0033433328995973177,0.7500353498764762
0.5228199710149709,0.5228199710149709,0.00339567731226198,0.750658093486952
0.528144752597475,0.528144752597475,0.0032558931842097127,0.7506716163412466
0.5250957795958631,0.5250957795958631,0.003144633672293673,0.7498803854120504
0.5165162991204275,0.5165162991204275,0.003950130029593435,0.7530060444272832
0.5182255172479578,0.5182255172479578,0.0038799069201287395,0.7554305172000015
0.5239587558913922,0.5239587558913922,0.0032619943315913558,0.7528863190153134
0.5180380866991886,0.5180380866991886,0.004189538766383838,0.7561734711501646
0.5200413554099911,0.5200413554099911,0.0036902434989608546,0.7562685064303203
0.5186040763897101,0.5186040763897101,0.0038985992298659067,0.7586429529338417
0.5170748791276034,0.5170748791276034,0.004882431223133588,0.7622378581193039
0.5210690030702844,0.5210690030702844,0.0038483078715382257,0.7593588884602629
0.5133836858339731,0.5133836858339731,0.0052361351007671475,0.7648228460477036
0.5169639263496761,0.5169639263496761,0.004741538700582026,0.7656129243675172
0.5200540833248708,0.5200540833248708,0.003548331643175029,0.7581185024452064
0.517864058671079,0.517864058671079,0.0036537705757121453,0.7617881810804463
0.5189322323887158,0.5189322323887158,0.0033771232658922345,0.7596317141673068
0.5144820743871987,0.5144820743871987,0.0036988160808126835,0.7617409161895252
0.5144694855469785,0.5144694855469785,0.0037906628088105743,0.7634693391736933
0.5138038206014444,0.5138038206014444,0.004203567749112236,0.7662274633397144
0.5169363527794537,0.5169363527794537,0.0035332974154912433,0.7626714575877647
0.5064161384689425,0.5064161384689425,0.005128115070335282,0.7683345852148658
0.5070506659317789,0.5070506659317789,0.004438542817192137,0.7677003662303243
0.5092226881056674,0.5092226881056674,0.003994433457158886,0.767140739993498
0.5108409311232623,0.5108409311232623,0.003873147890815609,0.7678486871776933
0.5029409922629088,0.5029409922629088,0.005517052504385389,0.7726005442344923
0.5110463965656034,0.5110463965656034,0.0038384475515346184,0.7687661180507437
0.5032781562382709,0.5032781562382709,0.004377001868538732,0.7708903972060797
0.5084553948913042,0.5084553948913042,0.003525243048076221,0.7669534844840986
0.5087719585119408,0.5087719585119408,0.0034078278069077372,0.7667380741326402
0.5088811935429878,0.5088811935429878,0.0033477508941569534,0.7666414475084946
0.5107069651723287,0.5107069651723287,0.003229034511836204,0.7641398974217921
0.5050881468542603,0.5050881468542603,0.0038058292627904944,0.7694811145203171
0.5036455103876885,0.5036455103876885,0.00408581982019407,0.7721764552565582
0.5060483163735351,0.5060483163735351,0.003828792471929132,0.7721367708852709
0.5055183607140032,0.5055183607140032,0.0036718495069474333,0.7716848538832708
0.5024559844348999,0.5024559844348999,0.003591618621357706,0.7714271988637802
0.4969607776070558,0.4969607776070558,0.0037135088590510845,0.7703904617359072
0.49984685793421413,0.49984685793421413,0.0034022449539323762,0.7698379064127439
0.4995454589373257,0.4995454589373257,0.0033755788419694843,0.770218250071705
0.5003444305354259,0.5003444305354259,0.003764129047655773,0.7736978427020804
0.4956324439176656,0.4956324439176656,0.004027965709721859,0.7744612113180551
0.4873080920118136,0.4873080920118136,0.006400387420427256,0.7798778046858512
0.493019194147849,0.493019194147849,0.00380942930467143,0.7726966014292662
0.4929916178901105,0.4929916178901105,0.003418175478011709,0.771755945980793
0.49455860486643055,0.49455860486643055,0.003262766209895185,0.7718677711445419
0.4911467183148862,0.4911467183148862,0.0036857281475455306,0.7741965582929233
0.4894201155358846,0.4894201155358846,0.0035930576059164387,0.7736394932409714
0.48779021881642726,0.48779021881642726,0.003918820985894356,0.7756691375883524
0.4901724862217588,0.4901724862217588,0.0037821768435273295,0.7771658805986625
0.4927617705634899,0.4927617705634899,0.0034603496144396395,0.7764397518789075
0.4848450071470386,0.4848450071470386,0.005029165951300318,0.7804980234453405
0.48929738405739887,0.48929738405739887,0.003657545430705844,0.7762624486757219
0.48929564795794145,0.48929564795794145,0.0035085342575749134,0.7768232025027482
0.4915313133366299,0.4915313133366299,0.0032303193023821564,0.7743769877364115
0.4854262112423442,0.4854262112423442,0.003995678365071531,0.7780367924595994
0.4891421900741032,0.4891421900741032,0.0032685492963646645,0.7736445234399949
0.48753807127577353,0.48753807127577353,0.0032189849736075082,0.7747086916938297
0.4841726616097979,0.4841726616097979,0.003707026791691659,0.7775370900020095
0.4861142865114121,0.4861142865114121,0.0033260499565879176,0.776511865844542
0.4869075411940741,0.4869075411940741,0.0031417239927065133,0.7760343499274103
0.48540896218698004,0.48540896218698004,0.003183792886152337,0.7763453193947747
0.48747941218220703,0.48747941218220703,0.0029998193303411025,0.7743644681933031
0.4859711214314131,0.4859711214314131,0.0036416211397072296,0.779396907672766
0.48641231574896227,0.48641231574896227,0.0031636542181625593,0.777747651024649
0.4860564537464147,0.4860564537464147,0.0029738040299999158,0.7763418079740094
0.48533451905506786,0.48533451905506786,0.0029908953894632884,0.776844098986281
0.4814231616522425,0.4814231616522425,0.0033174234600855668,0.7785429835237392
0.48051954874444625,0.48051954874444625,0.003786999233838406,0.7812991925997164
0.48325632722650613,0.48325632722650613,0.0032810281666726393,0.7802430746220015
0.4835510882366497,0.4835510882366497,0.003076968686369308,0.7791719725902664
0.4822169562858529,0.4822169562858529,0.003107821866663918,0.7796156791494409
0.475905525605242,0.475905525605242,0.0035759736484304305,0.780485131490019
0.46905059630207524,0.46905059630207524,0.005085285304413545,0.7836877396035344
0.47309844165283776,0.47309844165283776,0.003916586619900686,0.7834378992535416
0.47376848031558405,0.47376848031558405,0.00324191060474166,0.7796041521971584
0.4709081598955672,0.4709081598955672,0.003954437184540693,0.7831211348990621
0.46896306501182605,0.46896306501182605,0.003656006126487088,0.7816386009416973
0.4686139292773135,0.4686139292773135,0.0037739953129384274,0.783049934894994
0.4705309696983302,0.4705309696983302,0.0035923825764634376,0.7841508750502477
0.46742024733987797,0.46742024733987797,0.0033440709034373572,0.7811437713481086
0.46801207919638543,0.46801207919638543,0.0031148243891775396,0.7791075545196766
0.4668219155135239,0.4668219155135239,0.003098297876266587,0.7795924419916394
0.4612621967313425,0.4612621967313425,0.00353616147311675,0.7799222138993209
0.4591731054768531,0.4591731054768531,0.003815090413097244,0.7808154429324548
0.4627245825733649,0.4627245825733649,0.0031688276505762447,0.7787584191441264
0.46295117117206197,0.46295117117206197,0.003120744534326869,0.7802382649688928
0.46103223133924287,0.46103223133924287,0.00310820167858894,0.778646094989143
0.4607984366062994,0.4607984366062994,0.003197479842177886,0.7730416397430839
0.4604581990093314,0.4604581990093314,0.0030877231871602184,0.7791448740475309
0.46111873892870014,0.46111873892870014,0.0028149803781249982,0.7793993122622287
0.46259396943995834,0.46259396943995834,0.002869653465016886,0.781386705176629
0.4627972275395196,0.4627972275395196,0.002714122965208343,0.7806588382947233
0.46167881209317574,0.46167881209317574,0.002594501523854764,0.7766203221291006
0.4608042944010481,0.4608042944010481,0.0026240854753590837,0.7791125599814519
0.45500220314782724,0.45500220314782724,0.0030268979677107177,0.7797109038410617
0.4539985070638868,0.4539985070638868,0.0027821599944116704,0.7777001500655847
0.4563333348984755,0.4563333348984755,0.0026352344888139756,0.7789092741902346
0.4565907371309492,0.4565907371309492,0.0029547288050552067,0.7819463551150951
0.4551159007216182,0.4551159007216182,0.002526564470970216,0.7771414163539765
0.45460588929563517,0.45460588929563517,0.002506470056746757,0.7784878006190339
0.45248513788393396,0.45248513788393396,0.0024937808300502518,0.7773156024089167
0.4520156572351386,0.4520156572351386,0.002495399981593316,0.7777145049675358
0.44843335165427334,0.44843335165427334,0.0027931055647389957,0.778339917998907
0.4443140353330105,0.4443140353330105,0.003562616331138413,0.7801800592345214
0.4440455620859848,0.4440455620859848,0.002938902758292672,0.7774612100261789
0.4465684479904497,0.4465684479904497,0.002660811380050143,0.7781454554163147
0.44577405915286805,0.44577405915286805,0.002771555497905198,0.779226924982789
0.44670759053123965,0.44670759053123965,0.002592322497002475,0.7788563345962878
0.44706745284584026,0.44706745284584026,0.0027621716382250083,0.7811988550028754
0.44168317300797666,0.44168317300797666,0.0035030111834301048,0.7820665391297594
0.4437403515943763,0.4437403515943763,0.0027601310991182126,0.7808675658384252
0.4439578734087565,0.4439578734087565,0.002506630866738413,0.7788152560038037
0.44462824834686077,0.44462824834686077,0.002379845939973202,0.7775750554153023
0.4436249119637481,0.4436249119637481,0.00233040887539826,0.7757991864247114
0.4401818548410419,0.4401818548410419,0.002650808016656514,0.7780283455639503
0.4422678574568484,0.4422678574568484,0.0024961063092115987,0.7796853388327154
0.4416016180372774,0.4416016180372774,0.0024452998970747597,0.7794144626809492
0.4421691798457136,0.4421691798457136,0.0025800761954704043,0.7812784538809097
0.44049195111642603,0.44049195111642603,0.0026023564800599086,0.7811185616501843
0.44061167464488504,0.44061167464488504,0.0024169423841996496,0.7805499668356011
0.43842510033645465,0.43842510033645465,0.002233435060044031,0.7761177078449242
0.43469370053727974,0.43469370053727974,0.002429551542867503,0.7771888248526504
0.4368679536223067,0.4368679536223067,0.0022554356462547442,0.7779797816972707
0.4360818780040585,0.4360818780040585,0.0023021149348075864,0.7782297151517716
0.43713932171262915,0.43713932171262915,0.0027633512778950653,0.7820590913798955
0.43544071495581105,0.43544071495581105,0.002637273266582696,0.7815310966742417
0.4283172780467943,0.4283172780467943,0.0028075399377183174,0.7782152352882403
0.42511160790200586,0.42511160790200586,0.0032632013698475903,0.7784651108867324
0.4269545621684879,0.4269545621684879,0.0027487850280295545,0.778577673514119
0.42562981414527357,0.42562981414527357,0.0025089379818349355,0.7752303751588627
0.42268107929698606,0.42268107929698606,0.0027557836823666193,0.7762972258159637
0.4226269253005357,0.4226269253005357,0.0028367462676928135,0.7777950902039317
0.41986836257909765,0.41986836257909765,0.0024654486464298353,0.7728974772911901
0.4124312857496021,0.4124312857496021,0.004713201376623011,0.7759480415634621
0.4179366001959367,0.4179366001959367,0.0029862848602276726,0.7771863129837637
0.4196228332873172,0.4196228332873172,0.0026102243978803896,0.7773273443268875
0.4157167708400462,0.4157167708400462,0.0033836465145581363,0.7782776502448487
0.4180719415065052,0.4180719415065052,0.0026653295441283475,0.7777767069474262
0.4159674850260593,0.4159674850260593,0.00249343855295181,0.7745390485759316
0.4112796990228289,0.4112796990228289,0.003259229249222506,0.7756495119189357
0.41299674472678305,0.41299674472678305,0.0027817978701153434,0.7762870417279069
0.41108512300938893,0.41108512300938893,0.002483740826286329,0.7734185505766438
0.40933862010561106,0.40933862010561106,0.0023750536636257813,0.7698685005343813
0.4093405572666482,0.4093405572666482,0.002341287767686051,0.7719200590803856
0.4046094986652524,0.4046094986652524,0.0024481244466195706,0.7655802365039661
0.40580765944209907,0.40580765944209907,0.002218927097908052,0.7676334939421503
0.40454956730116176,0.40454956730116176,0.002499465135729295,0.7702994774241527
0.4063307800895568,0.4063307800895568,0.0021312525445922326,0.7707992496779941
0.4054456654128815,0.4054456654128815,0.0021440504889398415,0.7708016952213619
0.4057717839284589,0.4057717839284589,0.002126249460783214,0.7717877070155832
0.4036513374140617,0.4036513374140617,0.0022030364703212735,0.7711192111187533
0.4038608825185551,0.4038608825185551,0.0020794200501967897,0.7710109173952722
0.3954852589852419,0.3954852589852419,0.00226515441399211,0.7622058348981904
0.3978819976403727,0.3978819976403727,0.002004871268862063,0.7656365757679802
0.3996868138085068,0.3996868138085068,0.001838561740604594,0.7668812885831242
0.3935590058595826,0.3935590058595826,0.0020098882130903384,0.7597655020562342
0.39010569997324407,0.39010569997324407,0.002251594532186929,0.760134172229403
0.38965636909957635,0.38965636909957635,0.0020605896240624144,0.7583284720832144
0.39096542056860406,0.39096542056860406,0.0019194084754671215,0.7608686242271014
0.39241729972725037,0.39241729972725037,0.0017743910990750678,0.7624153699120906
0.38700103023216514,0.38700103023216514,0.001901989974476992,0.7570465831310593
0.38199083958463664,0.38199083958463664,0.002046102484640322,0.7506806076614723
0.38304047497152904,0.38304047497152904,0.0017620251487827643,0.7530368322347831
0.3818025346715549,0.3818025346715549,0.0017370358520357732,0.7530092846796639
0.37327267547803245,0.37327267547803245,0.0021321837454216785,0.7424099230958712
0.37245404797498816,0.37245404797498816,0.0019444309651786007,0.7438924990339904
0.37557929219497,0.37557929219497,0.0017394838607562857,0.7489339678391227
0.3754715681435581,0.3754715681435581,0.001524964957855035,0.7479588399144341
0.3732064347629098,0.3732064347629098,0.0015680685322533305,0.7460594373350817
0.37452802875268143,0.37452802875268143,0.0014268028146044998,0.7474121133116016
0.3689257254383804,0.3689257254383804,0.0025568281118037994,0.7473712102225485
0.3705622792517722,0.3705622792517722,0.0019892020350130712,0.7486013343387561
0.362931703471718,0.362931703471718,0.0020097938229194368,0.7384006537952983
0.359247326254335,0.359247326254335,0.002077127342112295,0.7324564083576437
0.34968733155551834,0.34968733155551834,0.0028217105559431577,0.7214872075721632
0.35179223936507487,0.35179223936507487,0.0022894160010707987,0.7269220734726849
0.351929588033286,0.351929588033286,0.001968614567209759,0.7253945005685223
0.34777148715197126,0.34777148715197126,0.002129239866572319,0.7199090345520229
0.3502779977189129,0.3502779977189129,0.001693351538948451,0.7250183436099391
0.35137338326522816,0.35137338326522816,0.0014865592705356478,0.7263788946936334
0.34895898156913274,0.34895898156913274,0.002874284410181227,0.7304336213207829
0.3456668856786874,0.3456668856786874,0.0024297686493637283,0.7268726485585617
0.3475279487829689,0.3475279487829689,0.0018872840836204885,0.7282900420267837
0.338030553902797,0.338030553902797,0.0023131480242285507,0.7140866849195939
0.3310900267298067,0.3310900267298067,0.002619563308824291,0.7045311245404773
0.33471179385167527,0.33471179385167527,0.0018714421794638891,0.7100058914868645
0.33664701113240725,0.33664701113240725,0.0016459630869940511,0.7143513067241751
0.3401468984452716,0.3401468984452716,0.0013486123175509013,0.7196788340912099
0.3345504620534733,0.3345504620534733,0.0014318980075208598,0.7109574828986176
0.3326210930525202,0.3326210930525202,0.001374987988588483,0.7081501650233069
0.32899116442658227,0.32899116442658227,0.0015018654689550326,0.7035700081445855
0.3269418349469856,0.3269418349469856,0.0014351142029596087,0.7011582298656895
0.32957746760681983,0.32957746760681983,0.0011182961384230694,0.7055048124312506
0.3285553748599389,0.3285553748599389,0.001072474388172151,0.7047476355592162
0.32759606694233667,0.32759606694233667,0.0013991144258374,0.7068600700011793
0.31835528547339054,0.31835528547339054,0.0015798319583137932,0.6920455107393653
0.3186593731778552,0.3186593731778552,0.0012723329774863013,0.6928638454192688
0.3155965132314472,0.3155965132314472,0.0013022726129408024,0.6881411283350389
0.31516223981042024,0.31516223981042024,0.0012611033307708963,0.689050610126567
0.31182888240307804,0.31182888240307804,0.0013384477461508837,0.6835218711413678
0.3084819536098198,0.3084819536098198,0.0014543345110525907,0.680026114257156
0.30123871422360227,0.30123871422360227,0.0019260322881095027,0.6702176560587185
0.3034214110885759,0.3034214110885759,0.001481736972929859,0.6734637905578955
0.3049305178120969,0.3049305178120969,0.0012127787624881536,0.6759103980259247
0.304437623033915,0.304437623033915,0.0011108201084809588,0.6757396267559108
0.3073314970163813,0.3073314970163813,0.000877049069084368,0.6812443246475399
0.30872311497856864,0.30872311497856864,0.0007650454641193738,0.6839830238591564
0.30617384984981344,0.30617384984981344,0.0007899702390674612,0.6810569467074528
0.30636194307734876,0.30636194307734876,0.0008121038881186982,0.6827567089319686
0.30640871157277294,0.30640871157277294,0.0006454742343380282,0.6824333637410138
0.30391518497428804,0.30391518497428804,0.0007202269746171552,0.679673804430807
0.29834762370687495,0.29834762370687495,0.0008869331383984935,0.6717681021840005
0.2997112339377761,0.2997112339377761,0.0007356208493235483,0.6741150711266091
0.28837646176272014,0.28837646176272014,0.0012740720597920197,0.6554490556067969
0.28007910255760327,0.28007910255760327,0.0017823426230925143,0.6432269509427893
0.28301790492639667,0.28301790492639667,0.00129824160890879,0.6486768151975886
0.28031701237214646,0.28031701237214646,0.0012875761593231783,0.6438609586541335
0.27545142856681204,0.27545142856681204,0.0015251358069510168,0.6374613131884388
0.26804713840011773,0.26804713840011773,0.002033349826730646,0.6241901812637352
0.2536546548532289,0.2536546548532289,0.0036967620242563948,0.5979008711753009
0.2585795710480888,0.2585795710480888,0.002508507987986963,0.6105311812760998
0.25883867500405044,0.25883867500405044,0.0018783646747390081,0.6109983429004489
0.26175779603418825,0.26175779603418825,0.0013906005084018958,0.6171137730526595
0.2607899843075858,0.2607899843075858,0.0012921676563825146,0.616135675535876
0.2433142713336498,0.2433142713336498,0.0031835883888333694,0.5842375771902781
0.2461728828365095,0.2461728828365095,0.0023430338456409405,0.5897090190928242
0.25025426317095956,0.25025426317095956,0.0016349794025379838,0.5995580423203566
0.25056817525687813,0.25056817525687813,0.0012534155278864922,0.6002373193330786
0.24748583066444674,0.24748583066444674,0.0013291627918936566,0.5955742105698931
0.2527270064009477,0.2527270064009477,0.0008440178171311707,0.6060172350164383
0.25236983974772254,0.25236983974772254,0.0006951091901644668,0.6062029151846442
0.23377772408818265,0.23377772408818265,0.002189309392437222,0.5696004663044618
0.23538713764746433,0.23538713764746433,0.001567775989343878,0.5734909570885667
0.23783146552584622,0.23783146552584622,0.0011636510385993892,0.5783947050071632
0.24073068989623403,0.24073068989623403,0.0008463762317756363,0.5849163005168991
0.24243115227440082,0.24243115227440082,0.0010839625513806572,0.5919948355427178
0.2320179882665313,0.2320179882665313,0.0013086121966671138,0.5707096842625399
0.23502139906435737,0.23502139906435737,0.0008677639436843743,0.5765974122817035
0.22911844306037266,0.22911844306037266,0.0011261397459357836,0.565454061028021
0.2306011819387258,0.2306011819387258,0.0008261185353202194,0.5684796605219444
0.23309723472988186,0.23309723472988186,0.0005600629563774495,0.5739753301730692
0.22688221529166064,0.22688221529166064,0.0007852580451651603,0.5617167818933007
0.22553600477270364,0.22553600477270364,0.0008421245799868915,0.5597741058463557
0.22884504010211004,0.22884504010211004,0.0004769978575057676,0.567189565115495
0.21306379702469136,0.21306379702469136,0.0014222801451804212,0.5344900297516169
0.1954832330729488,0.1954832330729488,0.0031652580803770425,0.4947970793583816
0.1977886656939647,0.1977886656939647,0.0024871672326063354,0.504849433708827
0.20244795604087196,0.20244795604087196,0.0015115979659647838,0.5165278884843747
0.20336557951594247,0.20336557951594247,0.0011265581920488765,0.5185004056329827
0.20590496434511762,0.20590496434511762,0.000763534229035745,0.524028658877497
0.2023316488767738,0.2023316488767738,0.0008736280794133799,0.5165992146377838
0.20369662177021897,0.20369662177021897,0.0007882849773713785,0.5207395722566597
0.1844928295282141,0.1844928295282141,0.0024195501461128366,0.47803407221976624
0.16148872273318637,0.16148872273318637,0.005861683999214939,0.4183952561644717
0.16233720844519317,0.16233720844519317,0.004248752859411065,0.4227614028231448
0.1643755861125905,0.1643755861125905,0.0031593018082819446,0.428506969883204
0.1675017959112306,0.1675017959112306,0.002319953695312793,0.4366575630596681
0.16720856067209688,0.16720856067209688,0.002041012895590333,0.43701558789379247
0.16871919755137,0.16871919755137,0.0017008094834529697,0.4413374225996236
0.14603418761205178,0.14603418761205178,0.004668141741825282,0.3805513520509882
0.14979872141913064,0.14979872141913064,0.0031250275636008906,0.3913952763311308
0.1510497067285128,0.1510497067285128,0.0024840608927324537,0.3946738212125074
0.14643249621067222,0.14643249621067222,0.0026392351808185444,0.3827308505487448
0.1493643899757866,0.1493643899757866,0.0020332924950293707,0.3923623929700375
0.15130563063555846,0.15130563063555846,0.0016611662195908927,0.3974262986532886
0.15094804316035204,0.15094804316035204,0.0015255488698657782,0.3972393289635181
0.14850267035978815,0.14850267035978815,0.0015954363671538685,0.39154169129520233
0.14899295836529003,0.14899295836529003,0.0014238569177370541,0.39290078352078917
0.13996788956861428,0.13996788956861428,0.002036951419706279,0.36897175707407626
0.14078157402778957,0.14078157402778957,0.0017340412226701796,0.371936245204153
0.12002583355249608,0.12002583355249608,0.004567236676062847,0.31169510538644385
0.12044541621083382,0.12044541621083382,0.00347612589754831,0.31326811491681816
0.12073724516293094,0.12073724516293094,0.0030142313553627176,0.3186544161468092
0.12448725711384934,0.12448725711384934,0.002352398155460733,0.3314959418088157
0.12487770627619099,0.12487770627619099,0.002072663003610642,0.331886357153931
0.114623578981349,0.114623578981349,0.0032141878113677302,0.3035856718650849
0.11673393694788659,0.11673393694788659,0.0025163724799484033,0.30991582288365715
0.10917603555078226,0.10917603555078226,0.0032270217196418427,0.28702841982325134
0.1086812818992936,0.1086812818992936,0.0028203018819175085,0.28546747250062676
0.10926618378815844,0.10926618378815844,0.0025414728387405106,0.2884282744575597
0.11044548640359109,0.11044548640359109,0.002294577562686584,0.2931462486656218
0.11110167046337593,0.11110167046337593,0.0021477228813560068,0.29639094938644805
0.1078658907083635,0.1078658907083635,0.0022640514982394944,0.2875604825879552
0.1091504191342827,0.1091504191342827,0.0020362152429186375,0.2912700500312355
0.10128263841594976,0.10128263841594976,0.002789856948732239,0.2677636227566942
0.10204831949005444,0.10204831949005444,0.0023809775266095956,0.27042537770760133
0.10190670200882734,0.10190670200882734,0.0022921820792067837,0.2714600028630394
0.10264499340279554,0.10264499340279554,0.0021670057711149493,0.274302733858409
0.10237980502933297,0.10237980502933297,0.0021091660845204974,0.27358711251333667
0.1020857882138182,0.1020857882138182,0.0021848830146835585,0.27543822828335474
0.10313911438191903,0.10313911438191903,0.001995491132418703,0.2786278417835595
0.10383020176387514,0.10383020176387514,0.0018732018465322797,0.2806798975277114
0.08712095229539829,0.08712095229539829,0.004238347237216944,0.22935159080620338
0.08446636823739406,0.08446636823739406,0.0035680294701091464,0.22291077471177578
0.08523236607764972,0.08523236607764972,0.0029761100438627786,0.22619904739790941
0.08544640386891267,0.08544640386891267,0.002771466070457418,0.2272777592980051
0.08631880803552372,0.08631880803552372,0.002569009337993866,0.23037939498975724
0.08644845319793137,0.08644845319793137,0.002473842992451236,0.23163474698054998
0.08747401126001753,0.08747401126001753,0.002325876467185295,0.235138481318514
0.08591780460438303,0.08591780460438303,0.002387144859783641,0.2301504143775861
0.0851621761280954,0.0851621761280954,0.002378397689289269,0.2288879118092917
0.08202033200089165,0.08202033200089165,0.0025699789564050946,0.21899711247367692
0.08265807594387908,0.08265807594387908,0.002416204830531732,0.2213554877642483
0.07944670871395121,0.07944670871395121,0.0026232809969742865,0.21102028802554806
0.06817449267185627,0.06817449267185627,0.004895735221900233,0.1740750626608356
0.06947962032979904,0.06947962032979904,0.003329831909482772,0.1807340011350842
0.07012209478312337,0.07012209478312337,0.0031332978641864795,0.18520484310212537
0.07038964772486744,0.07038964772486744,0.0029215731954884694,0.18561037782085932
0.07024135317862512,0.07024135317862512,0.002869395145774334,0.18628793142594935
0.06666808825468251,0.06666808825468251,0.003247797366353944,0.17373752367271478
0.06811344220181048,0.06811344220181048,0.002925474462953881,0.18037382085560894
0.06286308325120293,0.06286308325120293,0.0034824628170204708,0.1628410788656085
0.0632059406402734,0.0632059406402734,0.00302526056683039,0.16441469550983245
0.0610378129328244,0.0610378129328244,0.0032595725799083874,0.156913349280694
0.05844672453510291,0.05844672453510291,0.003548328063096795,0.1478867846447507
0.059013310112333905,0.059013310112333905,0.0031848946316025417,0.15280875296319518
0.05916935225856623,0.05916935225856623,0.003044048193552862,0.1530151541266156
0.05975616476427814,0.05975616476427814,0.0029266289113529798,0.15549016785560044
0.05500758695235586,0.05500758695235586,0.003695420157823759,0.1391859278374732
0.051910237232090095,0.051910237232090095,0.003951667073645693,0.12970391892339594
0.05259801696765698,0.05259801696765698,0.003367035558235254,0.13423109111649878
0.05166234714058304,0.05166234714058304,0.0033448376838423055,0.13047378986769154
0.049664224003984514,0.049664224003984514,0.0036018643047852628,0.12391088437123798
0.050142098582198535,0.050142098582198535,0.0032659401145276323,0.12616439627846043
0.05072621101040875,0.05072621101040875,0.0031070479046304555,0.12999568725836497
0.049082379792273145,0.049082379792273145,0.003301027217988084,0.12363990985437923
0.04491141972914359,0.04491141972914359,0.004278864748174738,0.11040932050146623
0.04501339878514654,0.04501339878514654,0.003486249887397763,0.1115518321192368
0.044315885232904306,0.044315885232904306,0.0034176070080835785,0.11024060374849709
0.04478182638756034,0.04478182638756034,0.003222804283403158,0.11211555596405876
0.043113606350475786,0.043113606350475786,0.003463877268685467,0.10670369275675173
0.04405761540189235,0.04405761540189235,0.003257763846655104,0.11268452908103921
0.043386320815838486,0.043386320815838486,0.0032177176122775153,0.11067115876036904
0.043732653910798835,0.043732653910798835,0.0031503308726706925,0.11204829617988787
0.0429984130005755,0.0429984130005755,0.0031792571992383944,0.10915309910975379
0.04257263756469798,0.04257263756469798,0.0031851141924097437,0.10754387013644129
0.039956407892950074,0.039956407892950074,0.0037731542091450354,0.0979155424090139
0.04065636962581498,0.04065636962581498,0.0032452734301749997,0.10143078230132074
0.03855335941211446,0.03855335941211446,0.003732952725316818,0.0938419667751369
0.039288867360816826,0.039288867360816826,0.003299395193796628,0.09663088373687834
0.03716127827612359,0.03716127827612359,0.003835393611723137,0.08948825317213416
0.03698641192527452,0.03698641192527452,0.0035009979827994586,0.08953166096248344
0.03691482391072454,0.03691482391072454,0.003538057287712282,0.09326190881377738
0.03737062094456933,0.03737062094456933,0.0033132833180385957,0.09528357028234935
0.03624591871264815,0.03624591871264815,0.003392326941362489,0.0919098234043143
0.03487102264203279,0.03487102264203279,0.003584708555193439,0.08629653522855096
0.0359872596535592,0.0359872596535592,0.0032471230285171515,0.09039859081778734
0.0357291844291433,0.0357291844291433,0.0032790631264407732,0.09224116092513146
0.035315636880552614,0.035315636880552614,0.003233126799892627,0.09024471253264577
0.03484578768980695,0.03484578768980695,0.003258785126749264,0.08939909393189227
0.03409459985854424,0.03409459985854424,0.003318726517786197,0.08651058396951572
0.03213195264504398,0.03213195264504398,0.0037923019865108154,0.07930151935633045
0.03319609056937978,0.03319609056937978,0.0032672858265295757,0.08361947185398666
0.03202498623105221,0.03202498623105221,0.003391440682804614,0.08002978554240436
0.030393694933521953,0.030393694933521953,0.003835890651135654,0.07545999566834705
0.0303593154631826,0.0303593154631826,0.003501995042429207,0.07506063316756362
0.030387935680631806,0.030387935680631806,0.003403823661124905,0.07500783843974745
0.030558062519548734,0.030558062519548734,0.0033327496377635324,0.07729523209806155
0.02808945997519785,0.02808945997519785,0.004326197233033291,0.06691527213682247
0.028836995091861106,0.028836995091861106,0.003468949114825648,0.07000499578978325
0.02674310822231918,0.02674310822231918,0.004478967718018478,0.06145548509936316
0.026772547770612,0.026772547770612,0.003815828622520945,0.061294317494912764
0.027061558472555203,0.027061558472555203,0.0035196608216632175,0.06419365025513946
0.025752610187642855,0.025752610187642855,0.0039404721697172684,0.05959439924846288
0.026564498462691266,0.026564498462691266,0.003469946890264808,0.0632613255537462
0.026535973845814298,0.026535973845814298,0.0034530424725766062,0.06323367211976305
0.02610136979542199,0.02610136979542199,0.003493381731779044,0.06202804577648835
0.026425646230028632,0.026425646230028632,0.0034289467305176347,0.06317240240194111
0.02595078041527843,0.02595078041527843,0.0034653003995192,0.06257653304797661
0.026029330077596446,0.026029330077596446,0.0034262692234677816,0.06283679046554647
0.025903606980755445,0.025903606980755445,0.003419678321642028,0.0628058247541241
0.02590616785204769,0.02590616785204769,0.003416168340650727,0.06415779816607592
0.02588665525789513,0.02588665525789513,0.003378776202278888,0.06432005390036455
0.02544606262401583,0.02544606262401583,0.0034062575046851506,0.06317279579254298
0.025863714550655947,0.025863714550655947,0.0033584271126442244,0.06458407383134435
0.02442883401494278,0.02442883401494278,0.0035999717561918665,0.06093991050912151
0.024124452292230814,0.024124452292230814,0.0034892955301476514,0.06015382784791323
0.024540459655035485,0.024540459655035485,0.003419287416428052,0.06232974359256338
0.02450559682773068,0.02450559682773068,0.0033687251554487263,0.06239381462011062
0.02379149375852696,0.02379149375852696,0.0034371057384869896,0.05981685934984027
0.02295456467633994,0.02295456467633994,0.0036085691506052564,0.05646330269086253
0.023378506042827873,0.023378506042827873,0.0034009143089172023,0.057881888830368045
0.023091283719693823,0.023091283719693823,0.003430358319174154,0.05683410889156715
0.023330928480276847,0.023330928480276847,0.003393697984008459,0.058916179528895274
0.022415692298307754,0.022415692298307754,0.003536743417426602,0.055268491630916516
0.022147236916134627,0.022147236916134627,0.0035141478239190116,0.054009455940289275
0.021833467915646554,0.021833467915646554,0.0035377593886328773,0.052853863834509074
0.021877140675161888,0.021877140675161888,0.0034589426745718077,0.053207470282695235
0.02156787339543531,0.02156787339543531,0.003481412377845494,0.052910309867595595
0.021749930343060275,0.021749930343060275,0.0034232716677256025,0.053528291295127595
0.020723550968477444,0.020723550968477444,0.00367493296050303,0.04957241308725635
0.02153922357341498,0.02153922357341498,0.0034529630500793607,0.052570298896547296
0.020611865578468946,0.020611865578468946,0.003540454998313125,0.050847454586395724
0.02094228132133913,0.02094228132133913,0.0034236166951371327,0.05166938003983779
0.020934699551320657,0.020934699551320657,0.0034161781807422464,0.052178682804046916
0.020881052569032055,0.020881052569032055,0.0034095811127649034,0.05192254869231849
0.02075252610441547,0.02075252610441547,0.003415159943745416,0.05204605548764185
0.020754148713168052,0.020754148713168052,0.0034053091193997354,0.052034695376711015
0.019736760825982524,0.019736760825982524,0.0036011710291474763,0.04846407531088848
0.020612737363698508,0.020612737363698508,0.003454474882568337,0.05175023583267846
0.02011248976000901,0.02011248976000901,0.0035032281844252777,0.05157053892118246
0.01999033944229378,0.01999033944229378,0.0034408321393448738,0.05127683994473431
0.019897603946200437,0.019897603946200437,0.003417658386596245,0.051234900740329214
0.02003834108121938,0.02003834108121938,0.0033888839086426703,0.05171549888902338
0.01984236970051345,0.01984236970051345,0.0033958912483730286,0.051418524955652245
0.019851893152298294,0.019851893152298294,0.0033793992600267275,0.051351905882554005
0.019767274456876427,0.019767274456876427,0.0033765015226292494,0.05102748052352801
0.01984612293486343,0.01984612293486343,0.003368659812526542,0.051381429738265094
0.019850213231180858,0.019850213231180858,0.0033638893428331595,0.05160149937665226
0.019712352023951607,0.019712352023951607,0.0033672813059365536,0.05100852629934005
0.019630696004636627,0.019630696004636627,0.003369500703206074,0.05114030105879119
0.01952733922096117,0.01952733922096117,0.0033787104067228846,0.05135766767933547
0.019679793518081468,0.019679793518081468,0.0033620580825035606,0.05217268544136511
0.018607548387667094,0.018607548387667094,0.003527520373833748,0.048203781774124765
0.019130626923333338,0.019130626923333338,0.003372763519959854,0.05010615791327755
0.019063049648058605,0.019063049648058605,0.003435726684685725,0.05099235119244039
0.019212471664387443,0.019212471664387443,0.003372309127183115,0.051311002281758666
0.01899186949608489,0.01899186949608489,0.0033606026239527687,0.050391529407493474
0.018919716164961353,0.018919716164961353,0.0033584748871253733,0.050145914010774506
0.017621493978111413,0.017621493978111413,0.003750486283943699,0.044910249426080906
0.018619151388099442,0.018619151388099442,0.003420770854140165,0.049081899124124195
0.0179507328594527,0.0179507328594527,0.0034354350472551864,0.04678781922094166
0.018225565130534527,0.018225565130534527,0.0033809884598096085,0.047960963528686174
0.016906510201998737,0.016906510201998737,0.0038027749441292835,0.04291210577884352
0.01583619144376691,0.01583619144376691,0.004266654517202317,0.038959977787826894
0.01666523047088908,0.01666523047088908,0.0034771845669686607,0.04234545289112224
0.01652444607300907,0.01652444607300907,0.003480314644117466,0.043030167787954765
0.016696940276499816,0.016696940276499816,0.0034373681297114045,0.04396758948059132
0.016627354027702324,0.016627354027702324,0.0034239928721105928,0.043702208992750124
0.01672767683459797,0.01672767683459797,0.003409972290294383,0.04399106635796235
0.01630036764729148,0.01630036764729148,0.0034507724189437594,0.0425923479603747
0.016482923532390892,0.016482923532390892,0.003413157290134139,0.04365640454900088
0.016592874151138193,0.016592874151138193,0.0034027419436043482,0.04402921979652308
0.015306737707809326,0.015306737707809326,0.003797352742233251,0.03923877776693496
0.015636539456428733,0.015636539456428733,0.0035009889549187934,0.04134020719763831
0.015594463606718345,0.015594463606718345,0.003453879101301016,0.04091222254871307
0.015558974941254688,0.015558974941254688,0.0034406447322418154,0.04076934417212241
0.01567554500879975,0.01567554500879975,0.0034249171879472406,0.04124351192495479
0.015334540617876202,0.015334540617876202,0.0034583550117414097,0.04008725850128192
0.015399099001802141,0.015399099001802141,0.003432680525012888,0.04037783910213899
0.01539615129344063,0.01539615129344063,0.0034280481848262268,0.0403869264945127
0.015126267350527356,0.015126267350527356,0.0034574119258259373,0.03947118400656602
0.015108298401973363,0.015108298401973363,0.0034621210582420625,0.040249999838672945
0.013684679696419622,0.013684679696419622,0.0041267272132455846,0.034350077521611455
0.013372762945550232,0.013372762945550232,0.003974571085831102,0.032901164675373185
0.013988623365489117,0.013988623365489117,0.003512389874987809,0.03547021770163172
0.013749744108655149,0.013749744108655149,0.0035314518658308147,0.03471370985301725
0.013370708995239622,0.013370708995239622,0.0035917449768596565,0.03394454524725776
0.012015741861368001,0.012015741861368001,0.004676373805525991,0.028043053557096354
0.01296280726114274,0.01296280726114274,0.0036199356278643346,0.03175669204642273
0.011268080673485503,0.011268080673485503,0.005309259687612311,0.02472842599883318